name,pos,team,adp,mu,player_id,mu_hat,sigma_hat,is_rookie
Ja'Marr Chase,WR,CIN,1.4,380.0,0,372.16310051265754,66.28399109435735,False
Bijan Robinson,RB,ATL,1.8,360.0,1,344.3545161290322,38.775083526918884,False
Saquon Barkley,RB,PHI,2.1,349.0917566488914,2,342.1510316230949,58.55715275220674,False
Justin Jefferson,WR,MIN,4.2,370.76033928167277,3,359.33336710043955,57.56335912145893,False
CeeDee Lamb,WR,DAL,4.9,361.7453399585819,4,350.96087588327464,53.35229415934903,False
Jahmyr Gibbs,RB,DET,5.0,338.51404044502453,5,335.5372738560716,53.06192100817944,False
Malik Nabers,WR,NYG,7.1,352.94953941212606,6,340.0886775884882,69.20110936205387,False
Christian McCaffrey,RB,SF,8.1,328.25683619240976,7,334.41804115548655,80.31386213832212,False
Nico Collins,WR,HOU,9.8,344.3676078467105,8,320.1542984561701,55.007716398484476,False
Amon-Ra St. Brown,WR,DET,10.6,335.9943450601695,9,329.6768322228585,49.15770438695917,False
Puka Nacua,WR,LAR,10.9,327.82467729271553,10,322.3987728763996,65.56638772404006,False
Derrick Henry,RB,BAL,11.4,318.3104321622659,11,316.2529827279091,59.03946664940337,False
Ashton Jeanty,RB,LV,12.3,308.6654108977588,12,277.79886980798295,64.93242666286118,True
De'Von Achane,RB,MIA,14.4,299.3126402973626,13,299.080822177785,72.65452471168865,False
Drake London,WR,ATL,14.9,319.85365415250556,14,294.89217857412075,42.8322195558679,False
Brian Thomas Jr.,WR,JAX,15.2,312.0764456159626,15,303.6535119311738,42.52932730295759,False
Josh Jacobs,RB,GB,16.1,290.2432649684002,16,288.1405109944842,47.26498619401705,False
Bucky Irving,RB,TB,17.6,281.4486978425791,17,270.33408848980537,43.624144332173046,False
A.J. Brown,WR,PHI,17.7,304.48833910103366,18,298.5975704798142,58.562616368372254,False
Chase Brown,RB,CIN,19.5,272.9206120455806,19,258.5126842458599,43.855455581541435,False
Jonathan Taylor,RB,IND,20.0,264.6509330130064,20,272.5382195290765,63.266276209851426,False
Tee Higgins,WR,CIN,21.6,297.0847366116113,21,289.2405206610615,64.7378335393348,False
Lamar Jackson,QB,BAL,23.1,380.0,22,383.47565111450524,65.41099415170717,False
Josh Allen,QB,BUF,23.7,357.3203760253037,23,369.9872741093751,45.514676097456885,False
Ladd McConkey,WR,LAC,23.9,289.86115195138785,24,279.68968136597147,45.887741830866524,False
Kyren Williams,RB,LAR,24.0,256.6318308452181,25,265.5750903446502,50.71163157777751,False
Brock Bowers,TE,LV,26.5,280.0,26,274.81,45.91772769760372,False
Davante Adams,WR,LAR,26.7,282.81320800545546,27,287.3564121046453,57.81991622227916,False
Tyreek Hill,WR,FA00,26.9,275.9366340880025,28,280.40811381537105,47.44130498032784,False
Alvin Kamara,RB,NO,27.9,248.85571289382872,29,265.12564036354354,44.75063588483208,False
Mike Evans,WR,SF,28.9,269.22726335450164,30,273.2042645065825,45.15469712397491,False
Joe Burrow,QB,CIN,30.9,335.9943450601695,31,339.25059767171,45.20624442559069,False
Jayden Daniels,QB,WAS,31.4,315.9411203138827,32,327.9047842197179,46.4433852880262,False
Jaxon Smith-Njigba,WR,SEA,32.5,262.68103027681923,33,248.79091474216057,37.913806740617375,False
Trey McBride,TE,ARI,32.7,258.472576988258,34,246.73779026634645,40.54881154883073,False
James Cook,RB,BUF,34.8,241.31521657283017,35,240.99624534062997,37.15501717524556,False
Terry McLaurin,WR,WAS,36.8,256.29396817971804,36,251.37955953497845,32.707892515590956,False
Jalen Hurts,QB,PHI,37.4,297.0847366116113,37,318.08489974379506,44.075832524818956,False
DK Metcalf,WR,PIT,38.2,250.06220683725925,38,243.1736892580231,33.749588083733734,False
Marvin Harrison Jr.,WR,ARI,38.2,243.98197012764754,39,229.73737908935328,38.67202236432283,False
James Conner,RB,ARI,40.8,234.0032023875471,40,244.5074155540088,41.311613033442406,False
Chuba Hubbard,RB,CAR,40.8,226.91274717481912,41,224.0831138388997,34.14881815086612,False
Omarion Hampton,RB,LAC,41.2,220.0371375480094,42,198.03342379320847,66.66788320816994,True
Garrett Wilson,WR,NYJ,41.6,238.04957374509883,43,236.98437773492952,36.65572176013524,False
George Kittle,TE,SF,43.8,238.6002609105392,44,240.51877149990764,40.07733791802458,False
DJ Moore,WR,BUF,44.6,232.26142296734326,45,236.2007503957583,38.08757284392687,False
DeVonta Smith,WR,PHI,45.4,226.6140104774113,46,232.71651355293352,44.680286672684346,False
Kenneth Walker III,RB,KC,46.9,213.3698635406343,47,224.85418035863313,53.58842585531375,False
Tetairoa McMillan,WR,CAR,47.3,221.10391423838306,48,198.99352281454475,64.56893733631956,True
Courtland Sutton,WR,DEN,48.1,215.7277954198126,49,217.30443145257152,32.292752729873925,False
Breece Hall,RB,NYJ,49.1,206.90461244259524,50,225.69290013968833,58.83029529160198,False
Xavier Worthy,WR,KC,49.3,210.4823963745711,51,207.00767746219975,37.160916553030304,False
TreVeyon Henderson,RB,NE,51.3,200.6352628231768,52,180.57173654085912,77.08062248002231,True
Patrick Mahomes,QB,KC,51.9,279.3537626248401,53,292.59221933441853,37.81893144391113,False
Baker Mayfield,QB,TB,52.0,262.68103027681923,54,275.9309023493248,37.921453062742685,False
Jerry Jeudy,WR,CLE,56.5,205.36453866488296,55,206.67434780093618,35.93542173509292,False
Zay Flowers,WR,BAL,57.1,200.37112113635845,56,204.11257549312535,39.47012783375975,False
Tony Pollard,RB,TEN,57.3,194.55587873515228,57,202.57203826507407,33.35114430085225,False
Calvin Ridley,WR,TEN,57.5,195.49911803885635,58,200.16799985835073,38.239813064677676,False
D'Andre Swift,RB,CHI,58.1,188.66070409450836,59,198.06250952098162,34.755182019345,False
David Montgomery,RB,HOU,59.5,182.9441572304684,60,203.02115751040742,47.00164050165309,False
George Pickens,WR,DAL,59.6,190.7455771930373,61,192.51960079743193,40.82375316536678,False
Jameson Williams,WR,DET,61.7,186.10761820149742,62,187.10885932657027,32.514382703822704,False
RJ Harvey,RB,DEN,63.4,177.40082560065335,63,159.66074304058802,75.34516593471359,True
Sam LaPorta,TE,DET,63.6,220.25580109863498,64,215.7844453844291,32.49070723329876,False
Aaron Jones Sr.,RB,MIN,64.8,172.02546066637697,65,191.72851715699971,36.67744824578842,False
Jaylen Waddle,WR,DEN,64.8,181.58243070339793,66,190.38279852724224,37.88456620250958,False
Travis Kelce,TE,KC,65.8,203.32173038063343,67,214.79297429503526,38.74005878952024,False
Deebo Samuel Sr.,WR,FA01,67.8,177.16727267153328,68,194.20549410119185,42.19027224066698,False
Isiah Pacheco,RB,DET,68.9,166.8129729232231,69,172.12756662015056,32.751100408099,False
Bo Nix,QB,DEN,69.0,247.0033802979664,70,268.06236620857646,39.82521917410007,False
Brock Purdy,QB,SF,69.3,232.26142296734326,71,251.34071556059774,43.17411624226368,False
Chris Olave,WR,NO,71.4,172.8594687508061,72,184.07085132415824,49.44369638214728,False
Tyrone Tracy Jr.,RB,NYG,72.2,161.75842708219977,73,167.92089895753986,35.9394902777157,False
Jakobi Meyers,WR,JAX,73.6,168.65640863710155,74,188.6632454931483,31.405969123537872,False
David Njoku,TE,FA02,73.6,187.689612889979,75,192.89980391285312,34.155668065928246,False
Matthew Golden,WR,GB,74.9,164.55554549557954,76,148.0999909460216,68.02042038363474,True
T.J. Hockenson,TE,MIN,75.1,173.25934970571944,77,180.79717031095973,37.17609234785504,False
Jaylen Warren,RB,PIT,76.0,156.85703739690757,78,155.28641384484453,24.020612176907534,False
Kaleb Johnson,RB,PIT,76.2,152.10416313229814,79,136.89374681906833,66.66788320816995,True
Ricky Pearsall,WR,SF,78.3,160.5543944174258,80,160.07307609219805,40.740311905059464,False
Rome Odunze,WR,CHI,79.3,156.6505309141271,81,153.12537163988895,32.81430604191412,False
Stefon Diggs,WR,FA03,79.8,152.84158944835775,82,191.7462548642963,41.823127233800406,False
Jauan Jennings,WR,MIN,81.3,149.1252620005875,83,153.86475091547746,34.99262727665731,False
Kyler Murray,QB,MIN,82.5,218.3993131338505,84,244.91507805608643,44.3019630882197,False
Emeka Egbuka,WR,TB,84.6,145.49929667054258,85,130.94936700348833,68.02042038363474,True
Austin Ekeler,RB,FA04,84.8,147.49530417073194,86,178.19730364103063,44.744328306298584,False
Khalil Shakir,WR,BUF,84.8,141.9614963126714,87,147.85779206006288,28.20042067189535,False
Dak Prescott,QB,DAL,87.2,205.36453866488296,88,234.0312754073519,46.208982709624784,False
Mark Andrews,TE,BAL,87.7,159.93853787766815,89,175.30881163555532,39.84392435901746,False
Evan Engram,TE,DEN,91.1,147.64187873205358,90,159.61834207186607,32.38170210920562,False
Cooper Kupp,WR,SEA,92.4,138.50971720478944,91,181.31287998048734,51.869414324229076,False
J.K. Dobbins,RB,DEN,94.0,143.02609675117608,92,171.26853698067612,32.73623080346248,False
Rashee Rice,WR,KC,94.0,135.14186774909547,93,173.16307861080753,57.3236129846901,False
Darnell Mooney,WR,NYG,94.5,131.8559072047726,94,144.20321828491387,32.86311465268183,False
Jared Goff,QB,DET,96.1,193.10772152104997,95,225.92593870802662,39.332615615674506,False
Tyler Warren,TE,IND,98.2,136.29063166879206,96,122.66156850191285,56.91155054796687,True
Caleb Williams,QB,CHI,98.3,181.58243070339793,97,203.46970149237853,38.07715775084232,False
Keon Coleman,WR,BUF,100.0,128.64984445140593,98,133.79719880829182,29.660780967729238,False
Zach Charbonnet,RB,SEA,100.3,138.69230933750654,99,144.9326979316034,33.94080978285513,False
Jordan Addison,WR,MIN,100.9,125.52173678246763,100,157.865072010561,42.00436810210925,False
Javonte Williams,RB,DAL,101.6,134.48983861200446,101,145.97552574448602,41.44118693612315,False
Chris Godwin Jr.,WR,TB,102.1,122.4696887281382,102,164.93841007226683,38.390733926277434,False
Rashid Shaheed,WR,SEA,102.5,119.49185090675101,103,141.34842733718622,31.10761266252687,False
Denver Defense,DST,DEN,102.7,180.0,104,180.0,90.00000000000004,False
J.J. McCarthy,QB,MIN,104.7,170.7450063645442,105,170.7450063645442,38.19936401293697,False
Travis Etienne Jr.,RB,NO,104.7,130.41470559025154,106,151.28807385722962,45.752146132652385,False
Jordan Mason,RB,MIN,105.9,126.46305185374696,107,127.80874910092696,24.76052532252445,False
Philadelphia Defense,DST,PHI,107.7,163.83162176106825,108,163.83162176106825,81.91581088053422,False
Drake Maye,QB,NE,107.7,160.5543944174258,109,181.88146070758268,41.00446195518936,False
Justin Herbert,QB,LAC,109.8,150.9719910151303,110,195.0630555932454,39.634988632379596,False
Jacory Croskey-Merritt,RB,WAS,110.5,122.6311358966788,111,122.6311358966788,34.482855102135865,False
Justin Fields,QB,KC,111.0,141.9614963126714,112,176.11191880883786,45.90909181743236,False
Pittsburgh Defense,DST,PIT,111.4,149.11555716034297,113,149.11555716034297,74.55777858017149,False
Jayden Reed,WR,GB,111.5,116.58641890416331,114,144.16653974454223,35.75458151711325,False
Wan'Dale Robinson,WR,TEN,114.0,113.75163218037586,115,130.79931451961244,26.9652080900661,False
Christian Kirk,WR,SF,114.0,110.98577300273737,116,136.85984246096845,34.39962738237228,False
Keenan Allen,WR,FA05,114.3,108.28716540508849,117,154.63134313564728,44.53601892379489,False
Baltimore Defense,DST,BAL,115.5,135.72135310769033,118,135.72135310769033,67.8606765538452,False
Tucker Kraft,TE,GB,115.7,125.81210995282204,119,134.86947696697544,27.529482108281393,False
Jake Ferguson,TE,DAL,119.7,116.13921527084277,120,122.67593817904734,25.065922492147465,False
Jordan Love,QB,GB,119.9,133.48877695673292,121,173.40362586683256,40.31307563835772,False
Marquise Brown,WR,PHI,120.6,105.65417417221376,122,132.42385112337308,34.393134065638506,False
Green Bay Defense,DST,GB,121.1,123.53027437355283,123,123.53027437355283,61.76513718677643,False
Rhamondre Stevenson,RB,NE,122.1,118.91532958339037,124,145.44093291617446,36.08017752632599,False
Quinshon Judkins,RB,CLE,125.2,115.31211471318787,125,103.78090324186908,66.66788320816995,True
Trevor Lawrence,QB,JAX,127.1,125.52173678246763,126,166.4749131520893,36.61606455440488,False
Marvin Mims Jr.,WR,DEN,127.6,103.08520384898664,127,108.03525094171331,33.38081269684136,False
Jerome Ford,RB,WAS,127.9,111.81807968923675,128,131.8429876547262,32.53566781076635,False
Rashod Bateman,WR,BAL,128.2,100.57869777360708,129,115.85528421687552,26.793597443797363,False
C.J. Stroud,QB,HOU,129.2,118.03019522752768,130,157.68525943154657,36.98069199935868,False
Dallas Goedert,TE,PHI,129.9,107.21000807303137,131,128.28894001800634,31.14732550966581,False
Jayden Higgins,WR,HOU,130.2,98.13313713434576,132,88.31982342091119,64.56893733631975,True
Buffalo Defense,DST,BUF,130.7,112.43425104004939,133,112.43425104004939,56.21712552002466,False
Cam Skattebo,RB,NYG,131.2,108.42991628839273,134,97.58692465955346,71.8742528440961,True
Nick Chubb,RB,FA06,133.5,105.14441652890909,135,134.21268004158065,38.66235375801429,False
Houston Defense,DST,HOU,136.3,102.3349204965687,136,102.3349204965687,51.167460248284385,False
Tank Bigsby,RB,PHI,136.7,101.95846963305449,137,104.21354725329616,28.1246829769808,False
Tua Tagovailoa,QB,ATL,136.9,110.98577300273737,138,160.8725450936349,40.32473941705847,False
Trey Benson,RB,ARI,137.1,98.86905908176567,139,89.18334135723596,18.21438670009711,False
Dalton Kincaid,TE,BUF,139.7,98.96731094845845,140,112.19782867309522,24.448020573398924,False
San Francisco Defense,DST,SF,139.8,93.1427554874602,141,93.1427554874602,46.571377743730096,False
Minnesota Defense,DST,MIN,140.7,84.77627048225136,142,84.77627048225136,42.388135241125724,False
Bryce Young,QB,CAR,141.5,104.3617845863082,143,135.91499921041577,36.56405944529843,False
DeMario Douglas,WR,NE,141.7,95.74704004922356,144,111.49406727496282,23.746737854227515,False
Detroit Defense,DST,DET,143.2,77.16129933312344,145,77.16129933312344,38.580649666561726,False
Joe Mixon,RB,FA07,143.3,95.87325975854614,146,152.71515572756704,44.2537495767136,False
Brandon Aiyuk,WR,SF,143.5,93.41896066806854,147,129.49910520081323,34.57075008168259,False
Adam Thielen,WR,FA08,144.5,91.14748829640615,148,131.58067121900072,38.604902314851635,False
Kyle Pitts Sr.,TE,ATL,144.9,91.35834249445107,149,104.96286744507586,26.900121516610334,False
Colston Loveland,TE,CHI,147.1,84.33437933541657,150,75.90094140187492,62.9958771612292,True
Geno Smith,QB,NYJ,147.9,100.0,151,150.78216332345932,37.615125280846904,False
Jaydon Blue,RB,DAL,149.7,92.96823517990651,152,92.96823517990651,34.48285510213587,False
Luther Burden III,WR,CHI,150.3,88.93124654065223,153,80.038121886587,64.56893733631973,True
Bhayshul Tuten,RB,JAX,150.5,90.15123480972451,154,81.13611132875207,66.66788320816988,True
Zach Ertz,TE,FA09,151.2,77.85044412689435,155,106.22759599323699,29.63459964675921,False
LA Rams Defense,DST,LAR,151.5,70.23033781631582,156,70.23033781631582,35.115168908157955,False
Tyler Allgeier,RB,ARI,154.0,87.41959145498174,157,98.8180279011419,25.316093395281758,False
Braelon Allen,RB,NYJ,155.6,84.77071874041108,158,84.89950311828775,24.49730573151652,False
Tyjae Spears,RB,TEN,156.7,82.20210865966447,159,104.88428636621478,30.607869923797733,False
Ollie Gordon II,RB,MIA,159.0,79.71132920068146,160,79.71132920068146,34.48285510213587,False
Green Bay Packers,DST,GB,160.0,63.9219452293039,161,63.9219452293039,31.960972614651936,False
Dont'e Thornton Jr.,WR,LV,163.7,86.76889247409028,162,86.76889247409028,34.289821352706085,False
Hunter Henry,TE,NE,164.7,71.86501754699565,163,95.24750069311486,27.84531099993214,False
San Francisco 49ers,DST,SF,166.0,58.18019973910576,164,58.18019973910576,29.090099869552848,False
Detroit Lions,DST,DET,168.0,52.954202653558774,165,52.954202653558774,26.477101326779376,False
Amari Cooper,WR,FA10,169.1,84.65911582312815,166,122.04999339526542,42.42477047261126,False
Hollywood Brown,WR,PHI,170.3,82.60063817334058,167,82.60063817334058,34.28982135270611,False
Dylan Sampson,RB,CLE,171.7,77.296022043011,168,69.5664198387099,66.66788320816991,True
Ray Davis,RB,BUF,173.7,74.95390032490597,169,89.47460522743418,30.310422084754297,False
Kansas City Chiefs,DST,KC,173.8,48.19762722109333,170,48.19762722109333,24.09881361054664,False
Xavier Legette,WR,CAR,177.2,80.59221219481698,171,98.94854853637187,26.879351444694,False
Cam Ward,QB,TEN,178.3,100.0,172,90.0,70.00824203462084,True
Matthew Stafford,QB,LAR,180.5,100.0,173,144.60335499377118,36.58158284459751,False
Michael Penix Jr.,QB,ATL,185.0,100.0,174,114.982,31.72368711340324,False
Isaiah Likely,TE,NYG,194.0,66.33977243099407,175,86.43437566474302,28.61654516839186,False
Seattle Seahawks,DST,SEA,197.0,43.86830795926183,176,43.86830795926183,21.934153979630924,False
Arizona Cardinals,DST,ARI,197.3,39.92786687155469,177,39.92786687155469,19.963933435777367,False
Brenton Strange,TE,JAC,197.5,61.23932834662013,178,73.03364924561916,20.709258268709586,False
Cedric Tillman,WR,CLE,199.3,78.6326208863445,179,90.52595754402918,28.38651343935275,False
Robbie Gould,K,SF,184.8,180.0,180,168.99627329192543,23.17638185360104,False
Cam Little,K,JAX,186.5,169.64323116801853,181,156.55026181761298,23.934282255274827,False
Brandon McManus,K,GB,188.3,159.88236600625427,182,155.42476403561554,21.6125753937893,False
Evan McPherson,K,CIN,190.0,150.68311764493745,183,147.23858630958733,21.918313345768805,False
Jake Moody,K,SF,191.7,142.01317199865477,184,140.9190705061247,22.375556357805223,False
Cairo Santos,K,CHI,193.5,133.84207425706313,185,130.66839203807453,20.415547627352872,False
Harrison Butker,K,KC,195.2,126.14112190665591,186,130.3835423696744,21.399528765539323,False
Greg Joseph,K,NYJ,197.0,118.88326390780018,187,123.02530957168713,22.127388911562893,False
Joey Slye,K,NE,198.7,112.04300567288611,188,113.39545132611948,19.865119229959348,False
Greg Zuerlein,K,NYJ,200.4,105.59631951180573,189,114.34265062058424,22.89540534374139,False
Eddy Pineiro,K,CAR,202.2,99.52056023018446,190,105.17927356387936,20.312130532268604,False
Chad Ryland,K,ARI,203.9,93.7943855838883,191,105.32143688119888,22.0449317249581,False
Dustin Hopkins,K,CLE,205.7,88.39768131038792,192,98.00131255670195,22.954129979619264,False
Brett Maher,K,LA,207.4,83.31149047363871,193,106.60136168264505,29.06116756824726,False
Matt Prater,K,ARI,209.1,78.51794687428703,194,96.69654327044154,23.449113676078134,False
Anders Carlson,K,NYJ,210.9,74.00021229129374,195,92.58455227363038,21.300827124507016,False
Graham Gano,K,NYG,212.6,69.74241733452439,196,82.66555888038124,22.386225346096154,False
Mason Crosby,K,NYG,214.3,65.72960570053968,197,83.77710958420369,22.349429131827993,False
Riley Patterson,K,ATL,216.1,61.947681635774224,198,79.13481746018691,21.45156394513612,False
Cade York,K,CIN,217.8,58.38336042255813,199,78.67609292850327,23.407869465498397,False
Michael Badgley,K,DET,219.6,55.024121714054296,200,79.6871487503104,22.113785057781723,False
Randy Bullock,K,NYG,221.3,51.85816555419167,201,69.05320345012319,20.601765934072052,False
Lucas Havrisik,K,LA,223.0,48.87437092810618,202,73.878726316341,26.791318312349414,False
Zane Gonzalez,K,WAS,224.8,46.06225669749,203,66.87801037666918,25.362852656401298,False
Austin Seibert,K,WAS,226.5,45.0,204,89.8847216463348,22.907613364500953,False
Matthew Wright,K,TEN,228.3,45.0,205,80.55743279587526,22.53554115772823,False
Matt Ammendola,K,HOU,230.0,45.0,206,60.61073318216175,16.203483669424994,False
Generic_RB1,RB,GENRB00,290.0,70.0,207,70.0,34.48285510213586,False
Generic_RB2,RB,GENRB01,291.0,70.0,208,70.0,34.48285510213586,False
Generic_RB3,RB,GENRB02,292.0,70.0,209,70.0,34.48285510213586,False
Generic_RB4,RB,GENRB03,293.0,70.0,210,70.0,34.48285510213586,False
Generic_RB5,RB,GENRB04,294.0,70.0,211,70.0,34.48285510213586,False
Generic_RB6,RB,GENRB05,295.0,70.0,212,70.0,34.48285510213586,False
Generic_RB7,RB,GENRB06,296.0,70.0,213,70.0,34.48285510213586,False
Generic_RB8,RB,GENRB07,297.0,70.0,214,70.0,34.48285510213586,False
Generic_RB9,RB,GENRB08,298.0,70.0,215,70.0,34.48285510213586,False
Generic_RB10,RB,GENRB09,299.0,70.0,216,70.0,34.48285510213586,False
Generic_RB11,RB,GENRB10,300.0,70.0,217,70.0,34.48285510213586,False
Generic_RB12,RB,GENRB11,301.0,70.0,218,70.0,34.48285510213586,False
Generic_RB13,RB,GENRB12,302.0,70.0,219,70.0,34.48285510213586,False
Generic_RB14,RB,GENRB13,303.0,70.0,220,70.0,34.48285510213586,False
Generic_RB15,RB,GENRB14,304.0,70.0,221,70.0,34.48285510213586,False
Generic_RB16,RB,GENRB15,305.0,70.0,222,70.0,34.48285510213586,False
Generic_RB17,RB,GENRB16,306.0,70.0,223,70.0,34.48285510213586,False
Generic_RB18,RB,GENRB17,307.0,70.0,224,70.0,34.48285510213586,False
Generic_RB19,RB,GENRB18,308.0,70.0,225,70.0,34.48285510213586,False
Generic_RB20,RB,GENRB19,309.0,70.0,226,70.0,34.48285510213586,False
Generic_WR1,WR,GENWR00,340.0,70.0,227,70.0,34.28982135270613,False
Generic_WR2,WR,GENWR01,341.0,70.0,228,70.0,34.28982135270613,False
Generic_WR3,WR,GENWR02,342.0,70.0,229,70.0,34.28982135270613,False
Generic_WR4,WR,GENWR03,343.0,70.0,230,70.0,34.28982135270613,False
Generic_WR5,WR,GENWR04,344.0,70.0,231,70.0,34.28982135270613,False
Generic_WR6,WR,GENWR05,345.0,70.0,232,70.0,34.28982135270613,False
Generic_WR7,WR,GENWR06,346.0,70.0,233,70.0,34.28982135270613,False
Generic_WR8,WR,GENWR07,347.0,70.0,234,70.0,34.28982135270613,False
Generic_WR9,WR,GENWR08,348.0,70.0,235,70.0,34.28982135270613,False
Generic_WR10,WR,GENWR09,349.0,70.0,236,70.0,34.28982135270613,False
Generic_WR11,WR,GENWR10,350.0,70.0,237,70.0,34.28982135270613,False
Generic_WR12,WR,GENWR11,351.0,70.0,238,70.0,34.28982135270613,False
Generic_WR13,WR,GENWR12,352.0,70.0,239,70.0,34.28982135270613,False
Generic_WR14,WR,GENWR13,353.0,70.0,240,70.0,34.28982135270613,False
Generic_WR15,WR,GENWR14,354.0,70.0,241,70.0,34.28982135270613,False
Generic_WR16,WR,GENWR15,355.0,70.0,242,70.0,34.28982135270613,False
Generic_WR17,WR,GENWR16,356.0,70.0,243,70.0,34.28982135270613,False
Generic_WR18,WR,GENWR17,357.0,70.0,244,70.0,34.28982135270613,False
Generic_WR19,WR,GENWR18,358.0,70.0,245,70.0,34.28982135270613,False
Generic_TE1,TE,GENTE00,390.0,60.0,246,60.0,30.223308322864227,False
Generic_TE2,TE,GENTE01,391.0,60.0,247,60.0,30.223308322864227,False
Generic_TE3,TE,GENTE02,392.0,60.0,248,60.0,30.223308322864227,False
Generic_TE4,TE,GENTE03,393.0,60.0,249,60.0,30.223308322864227,False
